observed_delta_pp,predicted_delta_pp,residual_pp
4.749999999999999,4.749888888888889,-0.00011111111111006267
